lexeme_id,lemma,language,lexical_category,lemma_scripts,senses,glosses,forms,form_grammatical_features,ipa_P898,semantic_links_P5137,statements,references_attestations,created_by,created_at,revisions_by_others,platts,wiktionary_urdu,missing,candidacy,notes
L1732271,فوراً,Hindustani (Q11051),adverb (Q380057),ur,0,,,,,,0,,Abxxra,2026-09-29T12:11:36Z,0,,no,sense+gloss; Hindi (hi) lemma; Urdu Lughat ID (P11350); usage example (P5831),A: strong enrichment candidate,
L1732272,جلدی,Hindustani (Q11051),adverb (Q380057),ur,0,,,,,,0,,Abxxra,2026-09-29T12:11:42Z,0,جلدي jaldī p.387 s.f. ; جلدي jildī p.387 adj.,yes,sense+gloss; Hindi (hi) lemma; Urdu Lughat ID (P11350); usage example (P5831),A: strong enrichment candidate,"UL also has a separate noun جلدی 'haste' (امث, 260823); the lexeme is recorded as an adverb, which matches UL 15165."
L1732273,مدد,Hindustani (Q11051),noun (Q1084),ur,0,,,,,,0,,Abxxra,2026-09-29T12:11:48Z,0,مدد madad p.1015 s.f. ; مدد madad p.1015 s.f.,yes,sense+gloss; grammatical gender (P5185); Hindi (hi) lemma; Urdu Lughat ID (P11350); inflected forms; usage example (P5831),A: strong enrichment candidate,No item cleanly matches the abstract sense 'help'; leave P5137 empty.
L1732274,سانس,Hindustani (Q11051),noun (Q1084),ur,0,,,,,,0,,Abxxra,2026-09-29T12:11:53Z,0,سانس sāṅs p.629 s.f. ; سانسا sāṅsā p.629 s.m.,yes,sense+gloss; grammatical gender (P5185); Hindi (hi) lemma; Urdu Lughat ID (P11350); inflected forms; usage example (P5831),A: strong enrichment candidate,"Q9530 'breathing' (process); matches the 'breathing' sense, review whether 'breath' needs its own sense."
L1732275,ایمبولینس,Hindustani (Q11051),noun (Q1084),ur,0,,,,,,0,,Abxxra,2026-09-29T12:11:59Z,0,,no,sense+gloss; grammatical gender (P5185); Hindi (hi) lemma; Urdu Lughat ID (P11350); inflected forms; usage example (P5831),"B: candidate, needs human review",Q180481 'vehicle equipped for transporting and caring for injured'; unambiguous.
L1732276,ایکسیڈنٹ,Hindustani (Q11051),noun (Q1084),ur,0,,,,,,0,,Abxxra,2026-09-29T12:12:05Z,0,,no,sense+gloss; grammatical gender (P5185); Hindi (hi) lemma; Urdu Lughat ID (P11350); inflected forms; usage example (P5831),"B: candidate, needs human review","Q171558 'accident'; same concept as حادثہ L1732312 (synonym, P5973 could link senses)."
L1732277,بچاؤ,Hindustani (Q11051),noun (Q1084),ur,0,,,,,,0,,Abxxra,2026-09-29T12:12:11Z,0,,no,sense+gloss; grammatical gender (P5185); Hindi (hi) lemma; Urdu Lughat ID (P11350); inflected forms; usage example (P5831),not selected,no dictionary entry reached; keep as-is
L1732278,سائیکل,Hindustani (Q11051),noun (Q1084),ur,0,,,,,,0,,Abxxra,2026-09-29T12:12:16Z,0,,yes,sense+gloss; grammatical gender (P5185); Hindi (hi) lemma; Urdu Lughat ID (P11350); inflected forms; usage example (P5831),usage example only,
L1732279,شخص,Hindustani (Q11051),noun (Q1084),ur,0,,,,,,0,,Abxxra,2026-09-29T12:12:39Z,0,شخص shaḵẖṣ p.723 s.m. ; شخصيت shaḵẖṣīyat p.723 s.f.,yes,sense+gloss; grammatical gender (P5185); Hindi (hi) lemma; Urdu Lughat ID (P11350); inflected forms; usage example (P5831),usage example only,
L1732280,کوشش,Hindustani (Q11051),noun (Q1084),ur,0,,,,,,0,,Abxxra,2026-09-29T12:12:45Z,0,کوشش koshish p.862 s.f.,yes,sense+gloss; grammatical gender (P5185); Hindi (hi) lemma; Urdu Lughat ID (P11350); inflected forms; usage example (P5831),usage example only,
L1732281,بجلی,Hindustani (Q11051),noun (Q1084),ur,0,,,,,,0,,Abxxra,2026-09-29T12:12:50Z,0,"بجلي bijlī, bijulī p.134 s.f. ; بجلي bijlī p.134 s.f.",yes,sense+gloss; grammatical gender (P5185); Hindi (hi) lemma; Urdu Lughat ID (P11350); inflected forms; usage example (P5831),A: strong enrichment candidate,Two senses: electricity Q12725 and lightning Q33741.
L1732282,بخار,Hindustani (Q11051),noun (Q1084),ur,0,,,,,,0,,Abxxra,2026-09-29T12:12:56Z,0,بخار buḵẖār p.138 s.m. ; بخارا bǒḵẖārā p.138 s.m.,yes,sense+gloss; grammatical gender (P5185); Hindi (hi) lemma; Urdu Lughat ID (P11350); inflected forms; usage example (P5831),A: strong enrichment candidate,"Q38933 'fever'; the medical sense only (PL/UL also list 'vapour' and 'anger' senses, not proposed)."
L1732283,بو,Hindustani (Q11051),noun (Q1084),ur,0,,,,,,0,,Abxxra,2026-09-29T12:13:02Z,0,بو bū p.173 s.f. ; بو bū p.173 s.f.,yes,sense+gloss; grammatical gender (P5185); Hindi (hi) lemma; Urdu Lughat ID (P11350); inflected forms; usage example (P5831),not selected,peripheral to the emergency domain or highly polysemous/homographic; keep as-is until a sense can be sourced
L1732284,تار,Hindustani (Q11051),noun (Q1084),ur,0,,,,,,0,,Abxxra,2026-09-29T12:13:08Z,0,"تار tār p.304 s.m. ; تار tāra, tār p.304 s.m.",yes,sense+gloss; grammatical gender (P5185); Hindi (hi) lemma; Urdu Lughat ID (P11350); inflected forms; usage example (P5831),usage example only,
L1732285,قریب,Hindustani (Q11051),adverb (Q380057),ur,0,,,,,,0,,Abxxra,2026-09-29T12:13:14Z,0,"قريب qarīb p.790 adj. ; قريبًا qarībaṉ, qarībā p.790 adv.",yes,sense+gloss; Hindi (hi) lemma; Urdu Lughat ID (P11350); usage example (P5831),not selected,peripheral to the emergency domain or highly polysemous/homographic; keep as-is until a sense can be sourced
L1732286,توڑنا,Hindustani (Q11051),verb (Q24905),ur,0,,توڑ | توڑنے,none | none,,,0,,Abxxra,2026-09-29T12:13:19Z,0,توڙنا toṛnā p.343 v.t.,yes,sense+gloss; transitivity (P9295); Hindi (hi) lemma; Urdu Lughat ID (P11350); grammatical features on existing forms; usage example (P5831),A: strong enrichment candidate,
L1732287,درد,Hindustani (Q11051),noun (Q1084),ur,0,,,,,,0,,Abxxra,2026-09-29T12:13:44Z,0,درد dard p.511 s.m. ; درد durd p.511 s.f.,yes,sense+gloss; grammatical gender (P5185); Hindi (hi) lemma; Urdu Lughat ID (P11350); inflected forms; usage example (P5831),A: strong enrichment candidate,Q81938 'pain'.
L1732288,دیکھنا,Hindustani (Q11051),verb (Q24905),ur,0,,دیکھ | دیکھا,none | none,,,0,,Abxxra,2026-09-29T12:13:49Z,0,ديکهنا dekhnā p.558 v.t. ; ديکهنا dīkhnā p.558 v.n.,yes,sense+gloss; transitivity (P9295); Hindi (hi) lemma; Urdu Lughat ID (P11350); grammatical features on existing forms; usage example (P5831),not selected,peripheral to the emergency domain or highly polysemous/homographic; keep as-is until a sense can be sourced
L1732289,شاید,Hindustani (Q11051),adverb (Q380057),ur,0,,,,,,0,,Abxxra,2026-09-29T12:13:56Z,0,شايد shāyad p.720 adv.,yes,sense+gloss; Hindi (hi) lemma; Urdu Lughat ID (P11350); usage example (P5831),not selected,peripheral to the emergency domain or highly polysemous/homographic; keep as-is until a sense can be sourced
L1732290,شدید,Hindustani (Q11051),adjective (Q34698),ur,0,,,,,,0,,Abxxra,2026-09-29T12:14:02Z,0,شديد shadīd p.723 adj.,yes,sense+gloss; Hindi (hi) lemma; Urdu Lughat ID (P11350); usage example (P5831),A: strong enrichment candidate,
L1732291,ضروری,Hindustani (Q11051),adjective (Q34698),ur,0,,,,,,0,,Abxxra,2026-09-29T12:14:07Z,0,"ضروري ẓarūrī p.749 adj. ; ضروريات ẓarūrīyāt, ẓarūriyāt p.749 s.f.",yes,sense+gloss; Hindi (hi) lemma; Urdu Lughat ID (P11350); usage example (P5831),not selected,peripheral to the emergency domain or highly polysemous/homographic; keep as-is until a sense can be sourced
L1732292,طبیعت,Hindustani (Q11051),noun (Q1084),ur,0,,,,,,0,,Abxxra,2026-09-29T12:14:13Z,0,طبيعت t̤abīʻat p.751 v.n.,yes,sense+gloss; grammatical gender (P5185); Hindi (hi) lemma; Urdu Lughat ID (P11350); inflected forms; usage example (P5831),not selected,peripheral to the emergency domain or highly polysemous/homographic; keep as-is until a sense can be sourced
L1732293,علاقہ,Hindustani (Q11051),noun (Q1084),ur,0,,علاقے,none,,,0,,Abxxra,2026-09-29T12:14:19Z,0,"علاقه ʻalāqa, ʻilāqa p.763 s.m.",yes,sense+gloss; grammatical gender (P5185); Hindi (hi) lemma; Urdu Lughat ID (P11350); grammatical features on existing forms; inflected forms; usage example (P5831),not selected,peripheral to the emergency domain or highly polysemous/homographic; keep as-is until a sense can be sourced
L1732294,فائر,Hindustani (Q11051),noun (Q1084),ur,0,,,,,,0,,Abxxra,2026-09-29T12:14:25Z,0,,no,sense+gloss; grammatical gender (P5185); Hindi (hi) lemma; Urdu Lughat ID (P11350); inflected forms; usage example (P5831),not selected,no dictionary entry reached; keep as-is
L1732295,گیس,Hindustani (Q11051),noun (Q1084),ur,0,,,,,,0,,Abxxra,2026-09-29T12:14:48Z,0,"گيسو gesū, gīsū p.942 s.m.",yes,sense+gloss; grammatical gender (P5185); Hindi (hi) lemma; Urdu Lughat ID (P11350); inflected forms; usage example (P5831),"B: candidate, needs human review",Emergency sense is fuel/cooking gas; WT also glosses 'petrol'. Do not link until the sense is attested.
L1732296,ہوش,Hindustani (Q11051),noun (Q1084),ur,0,,,,,,0,,Abxxra,2026-09-29T12:14:53Z,0,هوش hosh p.1241 s.m. ; هوش hosh p.1241 s.m.,yes,sense+gloss; grammatical gender (P5185); Hindi (hi) lemma; Urdu Lughat ID (P11350); inflected forms; usage example (P5831),A: strong enrichment candidate,"Q7087 'consciousness'; PL has a second, unrelated ہوش 'death' (homograph), not proposed."
L1732297,اسٹیشن,Hindustani (Q11051),noun (Q1084),ur,0,,,,,,0,,Abxxra,2026-09-29T12:14:59Z,0,اسٿيشن isṭeshan p.51 s.m.,yes,sense+gloss; grammatical gender (P5185); Hindi (hi) lemma; Urdu Lughat ID (P11350); inflected forms; usage example (P5831),not selected,peripheral to the emergency domain or highly polysemous/homographic; keep as-is until a sense can be sourced
L1732298,الرجی,Hindustani (Q11051),noun (Q1084),ur,0,,,,,,0,,Abxxra,2026-09-29T12:15:05Z,0,,yes,sense+gloss; grammatical gender (P5185); Hindi (hi) lemma; Urdu Lughat ID (P11350); inflected forms; usage example (P5831),"B: candidate, needs human review",Q42982 'allergy'.
L1732299,الٹنا,Hindustani (Q11051),verb (Q24905),ur,0,,الٹ,none,,,0,,Abxxra,2026-09-29T12:15:11Z,0,الٿنا ulaṭnā p.75 v.t.,no,sense+gloss; transitivity (P9295); Hindi (hi) lemma; Urdu Lughat ID (P11350); grammatical features on existing forms; usage example (P5831),not selected,peripheral to the emergency domain or highly polysemous/homographic; keep as-is until a sense can be sourced
L1732300,اچانک,Hindustani (Q11051),adverb (Q380057),ur,0,,,,,,0,,Abxxra,2026-09-29T12:15:17Z,0,اچانك aćānak p.26 adv.,yes,sense+gloss; Hindi (hi) lemma; Urdu Lughat ID (P11350); usage example (P5831),A: strong enrichment candidate,
L1732301,ایکشن,Hindustani (Q11051),noun (Q1084),ur,0,,,,,,0,,Abxxra,2026-09-29T12:15:22Z,0,ايکشن īkshaṇ p.114 s.m. ; ايکشنك īkshaṇik p.114 s.m.,no,sense+gloss; grammatical gender (P5185); Hindi (hi) lemma; Urdu Lughat ID (P11350); inflected forms; usage example (P5831),not selected,peripheral to the emergency domain or highly polysemous/homographic; keep as-is until a sense can be sourced
L1732302,باورچی,Hindustani (Q11051),noun (Q1084),ur,0,,,,,,0,,Abxxra,2026-09-29T12:15:28Z,0,باورچي bāwar-ćī p.128 s.m.,yes,sense+gloss; grammatical gender (P5185); Hindi (hi) lemma; Urdu Lughat ID (P11350); inflected forms; usage example (P5831),not selected,peripheral to the emergency domain or highly polysemous/homographic; keep as-is until a sense can be sourced
L1732303,بریگیڈ,Hindustani (Q11051),noun (Q1084),ur,0,,,,,,0,,Abxxra,2026-09-29T12:15:51Z,0,,no,sense+gloss; grammatical gender (P5185); Hindi (hi) lemma; Urdu Lughat ID (P11350); inflected forms; usage example (P5831),not selected,no dictionary entry reached; keep as-is
L1732304,بس,Hindustani (Q11051),noun (Q1084),ur,0,,,,,,0,,Abxxra,2026-09-29T12:15:57Z,0,بس bas p.154 adj. ; بس bas p.154 s.m.,yes,sense+gloss; grammatical gender (P5185); Hindi (hi) lemma; Urdu Lughat ID (P11350); inflected forms; usage example (P5831),not selected,peripheral to the emergency domain or highly polysemous/homographic; keep as-is until a sense can be sourced
L1732305,بلانا,Hindustani (Q11051),verb (Q24905),ur,0,,بلا,none,,,0,,Abxxra,2026-09-29T12:16:02Z,0,بلانا bilānā p.164 v.n. ; بلانا billānā p.164 v.n.,yes,sense+gloss; transitivity (P9295); Hindi (hi) lemma; Urdu Lughat ID (P11350); grammatical features on existing forms; usage example (P5831),A: strong enrichment candidate,Homograph bilānā (v.n.) in PL; vocalisation بُلانا identifies this lexeme.
L1732306,بلڈنگ,Hindustani (Q11051),noun (Q1084),ur,0,,,,,,0,,Abxxra,2026-09-29T12:16:08Z,0,,no,sense+gloss; grammatical gender (P5185); Hindi (hi) lemma; Urdu Lughat ID (P11350); inflected forms; usage example (P5831),not selected,no dictionary entry reached; keep as-is
L1732307,بڑھنا,Hindustani (Q11051),verb (Q24905),ur,0,,بڑھتی,none,,,0,,Abxxra,2026-09-29T12:16:14Z,0,,yes,sense+gloss; transitivity (P9295); Hindi (hi) lemma; Urdu Lughat ID (P11350); grammatical features on existing forms; usage example (P5831),not selected,no dictionary entry reached; keep as-is
L1732308,بھرنا,Hindustani (Q11051),verb (Q24905),ur,0,,بھر,none,,,0,,Abxxra,2026-09-29T12:16:19Z,0,بهرنا bharnā p.187 v.n. ; بهرنا bharnā p.187 s.m.,yes,sense+gloss; transitivity (P9295); Hindi (hi) lemma; Urdu Lughat ID (P11350); grammatical features on existing forms; usage example (P5831),not selected,peripheral to the emergency domain or highly polysemous/homographic; keep as-is until a sense can be sourced
L1732309,بیوی,Hindustani (Q11051),noun (Q1084),ur,0,,,,,,0,,Abxxra,2026-09-29T12:16:25Z,0,بيوي bīwī p.212 s.f. ; بيوي bewī p.212 s.f.,yes,sense+gloss; grammatical gender (P5185); Hindi (hi) lemma; Urdu Lughat ID (P11350); inflected forms; usage example (P5831),not selected,peripheral to the emergency domain or highly polysemous/homographic; keep as-is until a sense can be sourced
L1732310,تالا,Hindustani (Q11051),noun (Q1084),ur,0,,,,,,0,,Abxxra,2026-09-29T12:16:31Z,0,تالا tālā p.306 s.m. ; تالاب tālāb p.306 s.m.,yes,sense+gloss; grammatical gender (P5185); Hindi (hi) lemma; Urdu Lughat ID (P11350); inflected forms; usage example (P5831),not selected,peripheral to the emergency domain or highly polysemous/homographic; keep as-is until a sense can be sourced
L1732311,جھگڑا,Hindustani (Q11051),noun (Q1084),ur,0,,,,,,0,,Abxxra,2026-09-29T12:16:54Z,0,,yes,sense+gloss; grammatical gender (P5185); Hindi (hi) lemma; Urdu Lughat ID (P11350); inflected forms; usage example (P5831),not selected,no dictionary entry reached; keep as-is
L1732312,حادثہ,Hindustani (Q11051),noun (Q1084),ur,0,,,,,,0,,Abxxra,2026-09-29T12:16:59Z,0,حادثه ḥādis̤a p.472 v.n.,yes,sense+gloss; grammatical gender (P5185); Hindi (hi) lemma; Urdu Lughat ID (P11350); inflected forms; usage example (P5831),A: strong enrichment candidate,Q171558 'accident'.
L1732313,حملہ,Hindustani (Q11051),noun (Q1084),ur,0,,,,,,0,,Abxxra,2026-09-29T12:17:05Z,0,حمله ḥamla p.481 s.m.,yes,sense+gloss; grammatical gender (P5185); Hindi (hi) lemma; Urdu Lughat ID (P11350); inflected forms; usage example (P5831),A: strong enrichment candidate,Q1174599 'attack: action to injure another organism'.
L1732314,خانہ,Hindustani (Q11051),noun (Q1084),ur,0,,خانے,none,,,0,,Abxxra,2026-09-29T12:17:11Z,0,خانه ḵẖāna p.486 s.m.,yes,sense+gloss; grammatical gender (P5185); Hindi (hi) lemma; Urdu Lughat ID (P11350); grammatical features on existing forms; inflected forms; usage example (P5831),not selected,peripheral to the emergency domain or highly polysemous/homographic; keep as-is until a sense can be sourced
L1732315,خبردار,Hindustani (Q11051),adjective (Q34698),ur,0,,,,,,0,,Abxxra,2026-09-29T12:17:17Z,0,,no,sense+gloss; Hindi (hi) lemma; Urdu Lughat ID (P11350); usage example (P5831),not selected,no dictionary entry reached; keep as-is
L1732316,خطرناک,Hindustani (Q11051),adjective (Q34698),ur,0,,,,,,0,,Abxxra,2026-09-29T12:17:23Z,0,,yes,sense+gloss; Hindi (hi) lemma; Urdu Lughat ID (P11350); usage example (P5831),"B: candidate, needs human review",
L1732317,داخل,Hindustani (Q11051),adjective (Q34698),ur,0,,,,,,0,,Abxxra,2026-09-29T12:17:28Z,0,داخل dāḵẖil p.499 part. ; داخلا dāḵẖilā p.499 adj.,yes,sense+gloss; Hindi (hi) lemma; Urdu Lughat ID (P11350); usage example (P5831),not selected,peripheral to the emergency domain or highly polysemous/homographic; keep as-is until a sense can be sourced
L1732318,درج,Hindustani (Q11051),adjective (Q34698),ur,0,,,,,,0,,Abxxra,2026-09-29T12:17:34Z,0,درج darj p.511 s.m. ; درج durj p.511 s.m.,no,sense+gloss; Hindi (hi) lemma; Urdu Lughat ID (P11350); usage example (P5831),not selected,peripheral to the emergency domain or highly polysemous/homographic; keep as-is until a sense can be sourced
L1732319,دھماکہ,Hindustani (Q11051),noun (Q1084),ur,0,,دھماکے,none,,,0,,Abxxra,2026-09-29T12:17:56Z,0,,yes,sense+gloss; grammatical gender (P5185); Hindi (hi) lemma; Urdu Lughat ID (P11350); grammatical features on existing forms; inflected forms; usage example (P5831),A: strong enrichment candidate,Q179057 'explosion'.
L1732320,رپورٹ,Hindustani (Q11051),noun (Q1084),ur,0,,,,,,0,,Abxxra,2026-09-29T12:18:02Z,0,رپورٿ raporṭ p.586 s.f.,no,sense+gloss; grammatical gender (P5185); Hindi (hi) lemma; Urdu Lughat ID (P11350); inflected forms; usage example (P5831),not selected,peripheral to the emergency domain or highly polysemous/homographic; keep as-is until a sense can be sourced
L1732321,زخمی,Hindustani (Q11051),adjective (Q34698),ur,0,,,,,,0,,Abxxra,2026-09-29T12:18:08Z,0,زخمي zaḵẖmī p.615 adj.,no,sense+gloss; Hindi (hi) lemma; Urdu Lughat ID (P11350); usage example (P5831),A: strong enrichment candidate,
L1732322,زخمی,Hindustani (Q11051),noun (Q1084),ur,0,,,,,,0,,Abxxra,2026-09-29T12:18:14Z,0,زخمي zaḵẖmī p.615 adj.,no,sense+gloss; grammatical gender (P5185); Hindi (hi) lemma; Urdu Lughat ID (P11350); inflected forms; usage example (P5831),"B: candidate, needs human review",Q1230687 'injured person' is a Polish criminal-procedure concept; do NOT link.
L1732323,سپلائی,Hindustani (Q11051),noun (Q1084),ur,0,,,,,,0,,Abxxra,2026-09-29T12:18:20Z,0,,no,sense+gloss; grammatical gender (P5185); Hindi (hi) lemma; Urdu Lughat ID (P11350); inflected forms; usage example (P5831),not selected,no dictionary entry reached; keep as-is
L1732324,سیلاب,Hindustani (Q11051),noun (Q1084),ur,0,,,,,,0,,Abxxra,2026-09-29T12:18:25Z,0,سيلاب sailāb p.712 adj. ; سيلابی sailābī p.712 adj.,yes,sense+gloss; grammatical gender (P5185); Hindi (hi) lemma; Urdu Lughat ID (P11350); inflected forms; usage example (P5831),A: strong enrichment candidate,Q8068 'flood'.
L1732325,سینہ,Hindustani (Q11051),noun (Q1084),ur,0,,سینے,none,,,0,,Abxxra,2026-09-29T12:18:31Z,0,سينہہ sīṅh p.714 s.m. ; سينہڙ seṅhuṛ p.714 s.m.,yes,sense+gloss; grammatical gender (P5185); Hindi (hi) lemma; Urdu Lughat ID (P11350); grammatical features on existing forms; inflected forms; usage example (P5831),"B: candidate, needs human review",Q9645 'thorax' (anatomical region); medium confidence.
L1732326,سیوریج,Hindustani (Q11051),noun (Q1084),ur,0,,,,,,0,,Abxxra,2026-09-29T12:18:37Z,0,,no,sense+gloss; grammatical gender (P5185); Hindi (hi) lemma; Urdu Lughat ID (P11350); inflected forms; usage example (P5831),not selected,no dictionary entry reached; keep as-is
L1732327,عمارت,Hindustani (Q11051),noun (Q1084),ur,0,,,,,,0,,Abxxra,2026-09-29T12:18:59Z,0,عمارت ʻimārat p.765 s.f. ; عمارتي ʻimāratī p.765 adj.,yes,sense+gloss; grammatical gender (P5185); Hindi (hi) lemma; Urdu Lughat ID (P11350); inflected forms; usage example (P5831),A: strong enrichment candidate,Q41176 'building'.
L1732328,فائرنگ,Hindustani (Q11051),noun (Q1084),ur,0,,,,,,0,,Abxxra,2026-09-29T12:19:05Z,0,,no,sense+gloss; grammatical gender (P5185); Hindi (hi) lemma; Urdu Lughat ID (P11350); inflected forms; usage example (P5831),"B: candidate, needs human review",Q2992372 'gunshot'; check whether 'gunfire' is closer.
L1732329,فیکٹری,Hindustani (Q11051),noun (Q1084),ur,0,,,,,,0,,Abxxra,2026-09-29T12:19:11Z,0,,no,sense+gloss; grammatical gender (P5185); Hindi (hi) lemma; Urdu Lughat ID (P11350); inflected forms; usage example (P5831),not selected,no dictionary entry reached; keep as-is
L1732330,لپٹنا,Hindustani (Q11051),verb (Q24905),ur,0,,لپٹ,none,,,0,,Abxxra,2026-09-29T12:19:17Z,0,"لپٿنا lipaṭnā, lapaṭnā p.950 v.n.",yes,sense+gloss; transitivity (P9295); Hindi (hi) lemma; Urdu Lughat ID (P11350); grammatical features on existing forms; usage example (P5831),not selected,peripheral to the emergency domain or highly polysemous/homographic; keep as-is until a sense can be sourced
L1732331,لڑکا,Hindustani (Q11051),noun (Q1084),ur,0,,لڑکے,none,,,0,,Abxxra,2026-09-29T12:19:23Z,0,,yes,sense+gloss; grammatical gender (P5185); Hindi (hi) lemma; Urdu Lughat ID (P11350); grammatical features on existing forms; inflected forms; usage example (P5831),not selected,no dictionary entry reached; keep as-is
L1732332,مدھم,Hindustani (Q11051),adjective (Q34698),ur,0,,,,,,0,,Abxxra,2026-09-29T12:19:29Z,0,مدهم maddham p.1016 adj.,yes,sense+gloss; Hindi (hi) lemma; Urdu Lughat ID (P11350); usage example (P5831),not selected,peripheral to the emergency domain or highly polysemous/homographic; keep as-is until a sense can be sourced
L1732333,مشکوک,Hindustani (Q11051),adjective (Q34698),ur,0,,,,,,0,,Abxxra,2026-09-29T12:19:35Z,0,,yes,sense+gloss; Hindi (hi) lemma; Urdu Lughat ID (P11350); usage example (P5831),"B: candidate, needs human review",
L1732334,معلوم,Hindustani (Q11051),adjective (Q34698),ur,0,,,,,,0,,Abxxra,2026-09-29T12:19:41Z,0,"معلوم maʻlūm, mālūm p.1049 part. ; معلومات maʻlūmāt p.1049 s.f.",yes,sense+gloss; Hindi (hi) lemma; Urdu Lughat ID (P11350); usage example (P5831),not selected,peripheral to the emergency domain or highly polysemous/homographic; keep as-is until a sense can be sourced
L1732335,والد,Hindustani (Q11051),noun (Q1084),ur,0,,,,,,0,,Abxxra,2026-09-29T12:20:03Z,0,والد wālid p.1176 s.m. ; والده wālida p.1176 s.f.,yes,sense+gloss; grammatical gender (P5185); Hindi (hi) lemma; Urdu Lughat ID (P11350); inflected forms; usage example (P5831),not selected,peripheral to the emergency domain or highly polysemous/homographic; keep as-is until a sense can be sourced
L1732336,والدہ,Hindustani (Q11051),noun (Q1084),ur,0,,,,,,0,,Abxxra,2026-09-29T12:20:09Z,0,والده wālida p.1176 s.f.,yes,sense+gloss; grammatical gender (P5185); Hindi (hi) lemma; Urdu Lughat ID (P11350); inflected forms; usage example (P5831),not selected,peripheral to the emergency domain or highly polysemous/homographic; keep as-is until a sense can be sourced
L1732337,ٹائر,Hindustani (Q11051),noun (Q1084),ur,0,,,,,,0,,Abxxra,2026-09-29T12:20:15Z,0,,no,sense+gloss; grammatical gender (P5185); Hindi (hi) lemma; Urdu Lughat ID (P11350); inflected forms; usage example (P5831),not selected,no dictionary entry reached; keep as-is
L1732338,ٹکر,Hindustani (Q11051),noun (Q1084),ur,0,,,,,,0,,Abxxra,2026-09-29T12:20:20Z,0,,yes,sense+gloss; grammatical gender (P5185); Hindi (hi) lemma; Urdu Lughat ID (P11350); inflected forms; usage example (P5831),"B: candidate, needs human review",Q9687 'traffic collision' is narrower than the word; do not link.
L1732339,ٹھیک,Hindustani (Q11051),adjective (Q34698),ur,0,,,,,,0,,Abxxra,2026-09-29T12:20:26Z,0,,yes,sense+gloss; Hindi (hi) lemma; Urdu Lughat ID (P11350); usage example (P5831),not selected,no dictionary entry reached; keep as-is
L1732340,پارک,Hindustani (Q11051),noun (Q1084),ur,0,,,,,,0,,Abxxra,2026-09-29T12:20:32Z,0,پارك pārak p.217 adj. ; پارك pārak p.217 adj.,no,sense+gloss; grammatical gender (P5185); Hindi (hi) lemma; Urdu Lughat ID (P11350); inflected forms; usage example (P5831),not selected,peripheral to the emergency domain or highly polysemous/homographic; keep as-is until a sense can be sourced
L1732341,پارکنگ,Hindustani (Q11051),noun (Q1084),ur,0,,,,,,0,,Abxxra,2026-09-29T12:20:38Z,0,,no,sense+gloss; grammatical gender (P5185); Hindi (hi) lemma; Urdu Lughat ID (P11350); inflected forms; usage example (P5831),not selected,no dictionary entry reached; keep as-is
L1732342,پنکچر,Hindustani (Q11051),noun (Q1084),ur,0,,,,,,0,,Abxxra,2026-09-29T12:20:44Z,0,,no,sense+gloss; grammatical gender (P5185); Hindi (hi) lemma; Urdu Lughat ID (P11350); inflected forms; usage example (P5831),not selected,no dictionary entry reached; keep as-is
L1732343,پھیلنا,Hindustani (Q11051),verb (Q24905),ur,0,,پھیل,none,,,0,,Abxxra,2026-09-29T12:21:07Z,0,پهيلنا phailnā p.294 v.n.,no,sense+gloss; transitivity (P9295); Hindi (hi) lemma; Urdu Lughat ID (P11350); grammatical features on existing forms; usage example (P5831),A: strong enrichment candidate,
L1732344,پہاڑی,Hindustani (Q11051),adjective (Q34698),ur,0,,,,,,0,,Abxxra,2026-09-29T12:21:13Z,0,,no,sense+gloss; Hindi (hi) lemma; Urdu Lughat ID (P11350); usage example (P5831),not selected,no dictionary entry reached; keep as-is
L1732345,پہنچنا,Hindustani (Q11051),verb (Q24905),ur,0,,پہنچ,none,,,0,,Abxxra,2026-09-29T12:21:19Z,0,"پہنچنا pahuṇćnā, pahǒṅćnā p.290 v.n.",yes,sense+gloss; transitivity (P9295); Hindi (hi) lemma; Urdu Lughat ID (P11350); grammatical features on existing forms; usage example (P5831),A: strong enrichment candidate,
L1732346,پیچھا,Hindustani (Q11051),noun (Q1084),ur,0,,,,,,0,,Abxxra,2026-09-29T12:21:25Z,0,پيچها pīćhā p.297 s.m. ; پيچهان paićhān p.297 s.f.,no,sense+gloss; grammatical gender (P5185); Hindi (hi) lemma; Urdu Lughat ID (P11350); inflected forms; usage example (P5831),not selected,peripheral to the emergency domain or highly polysemous/homographic; keep as-is until a sense can be sourced
L1732347,چاقو,Hindustani (Q11051),noun (Q1084),ur,0,,,,,,0,,Abxxra,2026-09-29T12:21:30Z,0,,yes,sense+gloss; grammatical gender (P5185); Hindi (hi) lemma; Urdu Lughat ID (P11350); inflected forms; usage example (P5831),"B: candidate, needs human review",Q32489 'knife'.
L1732348,چنگاری,Hindustani (Q11051),noun (Q1084),ur,0,,چنگاریاں,none,,,0,,Abxxra,2026-09-29T12:21:36Z,0,چنگاري ćiṅgārī p.445 s.f.,no,sense+gloss; grammatical gender (P5185); Hindi (hi) lemma; Urdu Lughat ID (P11350); grammatical features on existing forms; inflected forms; usage example (P5831),A: strong enrichment candidate,No suitable item found by search for 'spark'; leave P5137 empty.
L1732349,چھیننا,Hindustani (Q11051),verb (Q24905),ur,0,,چھین,none,,,0,,Abxxra,2026-09-29T12:21:42Z,0,چهيننا ćhīnnā p.469 v.t.,yes,sense+gloss; transitivity (P9295); Hindi (hi) lemma; Urdu Lughat ID (P11350); grammatical features on existing forms; usage example (P5831),not selected,peripheral to the emergency domain or highly polysemous/homographic; keep as-is until a sense can be sourced
L1732350,ڈاکو,Hindustani (Q11051),noun (Q1084),ur,0,,,,,,0,,Abxxra,2026-09-29T12:21:48Z,0,,yes,sense+gloss; grammatical gender (P5185); Hindi (hi) lemma; Urdu Lughat ID (P11350); inflected forms; usage example (P5831),"B: candidate, needs human review",Q16144978 'bandit'.
L1732351,کچن,Hindustani (Q11051),noun (Q1084),ur,0,,,,,,0,,Abxxra,2026-09-29T12:22:11Z,0,کچنا kućnā p.819 v.t. ; کچنار kaćnār p.819 s.f.,no,sense+gloss; grammatical gender (P5185); Hindi (hi) lemma; Urdu Lughat ID (P11350); inflected forms; usage example (P5831),not selected,peripheral to the emergency domain or highly polysemous/homographic; keep as-is until a sense can be sourced
L1732352,گاؤں,Hindustani (Q11051),noun (Q1084),ur,0,,,,,,0,,Abxxra,2026-09-29T12:22:16Z,0,,yes,sense+gloss; grammatical gender (P5185); Hindi (hi) lemma; Urdu Lughat ID (P11350); inflected forms; usage example (P5831),not selected,no dictionary entry reached; keep as-is
L1732353,گھومنا,Hindustani (Q11051),verb (Q24905),ur,0,,گھوم,none,,,0,,Abxxra,2026-09-29T12:22:22Z,0,گهومنا ghūmnā p.939 v.n.,no,sense+gloss; transitivity (P9295); Hindi (hi) lemma; Urdu Lughat ID (P11350); grammatical features on existing forms; usage example (P5831),not selected,peripheral to the emergency domain or highly polysemous/homographic; keep as-is until a sense can be sourced
L1732354,گیراج,Hindustani (Q11051),noun (Q1084),ur,0,,,,,,0,,Abxxra,2026-09-29T12:22:28Z,0,,no,sense+gloss; grammatical gender (P5185); Hindi (hi) lemma; Urdu Lughat ID (P11350); inflected forms; usage example (P5831),not selected,no dictionary entry reached; keep as-is
L1732355,ہسپتال,Hindustani (Q11051),noun (Q1084),ur,0,,,,,,0,,Abxxra,2026-09-29T12:22:35Z,0,,no,sense+gloss; grammatical gender (P5185); Hindi (hi) lemma; Urdu Lughat ID (P11350); inflected forms; usage example (P5831),"B: candidate, needs human review",Q16917 'hospital'.
L1732356,ہلنا,Hindustani (Q11051),verb (Q24905),ur,0,,ہل,none,,,0,,Abxxra,2026-09-29T12:22:42Z,0,هلنا hilnā p.1233 v.n.,no,sense+gloss; transitivity (P9295); Hindi (hi) lemma; Urdu Lughat ID (P11350); grammatical features on existing forms; usage example (P5831),not selected,peripheral to the emergency domain or highly polysemous/homographic; keep as-is until a sense can be sourced
L1732357,چاہیے,Hindustani (Q11051),verb (Q24905),ur,0,,,,,,0,,Abxxra,2026-09-29T12:22:47Z,0,چاهيے ćāhiye p.420 ,no,sense+gloss; transitivity (P9295); Hindi (hi) lemma; Urdu Lughat ID (P11350); usage example (P5831),not selected,peripheral to the emergency domain or highly polysemous/homographic; keep as-is until a sense can be sourced
L1732358,پھنسنا,Hindustani (Q11051),verb (Q24905),ur,0,,پھنسے,none,,,0,,Abxxra,2026-09-29T12:30:50Z,0,پهنسنا phaṅsnā p.290 v.n.,no,sense+gloss; transitivity (P9295); Hindi (hi) lemma; Urdu Lughat ID (P11350); grammatical features on existing forms; usage example (P5831),A: strong enrichment candidate,
L1732359,گلی,Hindustani (Q11051),noun (Q1084),ur,0,,,,,,0,,Abxxra,2026-09-29T12:31:10Z,0,گلي galī p.914 s.f. ; گلي gilī p.914 adj.,yes,sense+gloss; grammatical gender (P5185); Hindi (hi) lemma; Urdu Lughat ID (P11350); inflected forms; usage example (P5831),A: strong enrichment candidate,"Q1251403 'alley: narrow street' matches PL 'a narrow street, a lane' better than Q79007 'street'."
L1732360,ہلکا,Hindustani (Q11051),adjective (Q34698),ur,0,,ہلکی,none,,,0,,Abxxra,2026-09-29T12:31:31Z,0,"هلکا halkā, halukā p.1232 adj. ; هلکاپن halkā-pan p.1232 s.m.",yes,sense+gloss; Hindi (hi) lemma; Urdu Lughat ID (P11350); grammatical features on existing forms; usage example (P5831),not selected,peripheral to the emergency domain or highly polysemous/homographic; keep as-is until a sense can be sourced
L1732361,تیزی,Hindustani (Q11051),noun (Q1084),ur,0,,,,,,0,,Abxxra,2026-09-29T12:31:52Z,0,تيزي tezī p.352 s.f.,no,sense+gloss; grammatical gender (P5185); Hindi (hi) lemma; Urdu Lughat ID (P11350); inflected forms; usage example (P5831),not selected,peripheral to the emergency domain or highly polysemous/homographic; keep as-is until a sense can be sourced
L1732362,خراب,Hindustani (Q11051),adjective (Q34698),ur,0,,,,,,0,,Abxxra,2026-09-29T12:32:13Z,0,خراب ḵẖarāb p.488 adj. ; خرابات ḵẖarābāt p.488 s.m.,yes,sense+gloss; Hindi (hi) lemma; Urdu Lughat ID (P11350); usage example (P5831),not selected,peripheral to the emergency domain or highly polysemous/homographic; keep as-is until a sense can be sourced
L1732363,خراش,Hindustani (Q11051),noun (Q1084),ur,0,,,,,,0,,Abxxra,2026-09-29T12:32:33Z,0,"خراش ḵẖarāsh, ḵẖirāsh p.488 s.f. ; خراشنا ḵẖarāshnā p.488 v.t.",yes,sense+gloss; grammatical gender (P5185); Hindi (hi) lemma; Urdu Lughat ID (P11350); inflected forms; usage example (P5831),A: strong enrichment candidate,Q939378 'skin abrasion'; medium confidence.
L1732364,ٹانگ,Hindustani (Q11051),noun (Q1084),ur,0,,,,,,0,,Abxxra,2026-09-29T12:32:54Z,0,ٿانگ ṭāṅg p.355 s.f. ; ٿانگري ṭāṅgrī p.355 s.f.,yes,sense+gloss; grammatical gender (P5185); Hindi (hi) lemma; Urdu Lughat ID (P11350); inflected forms; usage example (P5831),A: strong enrichment candidate,Q6027402 'human leg'; PL: 'the leg (from the hip to the foot)'.
L1732365,ڈاکٹر,Hindustani (Q11051),noun (Q1084),ur,0,,,,,,0,,Abxxra,2026-09-29T12:33:15Z,0,,yes,sense+gloss; grammatical gender (P5185); Hindi (hi) lemma; Urdu Lughat ID (P11350); inflected forms; usage example (P5831),"B: candidate, needs human review",Q39631 'physician'.
L1732366,گھسنا,Hindustani (Q11051),verb (Q24905),ur,0,,گھس | گھسنے,none | none,,,0,,Abxxra,2026-09-29T12:33:36Z,0,"گهسنا ghisnā, ghasnā p.934 v.t. ; گهسنا ghusnā p.934 v.n.",yes,sense+gloss; transitivity (P9295); Hindi (hi) lemma; Urdu Lughat ID (P11350); grammatical features on existing forms; usage example (P5831),"B: candidate, needs human review",Homograph: which verb was intended by the corpus? Resolve before any edit.
L1732367,بتانا,Hindustani (Q11051),verb (Q24905),ur,0,,بتا,none,,,0,,Abxxra,2026-09-29T12:33:56Z,0,بتانا batānā p.131 s.m. ; بتانا batānā p.131 v.t.,yes,sense+gloss; transitivity (P9295); Hindi (hi) lemma; Urdu Lughat ID (P11350); grammatical features on existing forms; usage example (P5831),A: strong enrichment candidate,
L1732368,بجھانا,Hindustani (Q11051),verb (Q24905),ur,0,,بجھانے,none,,,0,,Abxxra,2026-09-29T12:34:17Z,0,بجهانا bajhānā p.135 s. ; بجهانا bujhānā p.135 v.t.,no,sense+gloss; transitivity (P9295); Hindi (hi) lemma; Urdu Lughat ID (P11350); grammatical features on existing forms; usage example (P5831),A: strong enrichment candidate,PL lists homographs bajhānā and bujhānā 'to explain'; this is bujhānā 'to put out'.
L1732369,بدبو,Hindustani (Q11051),noun (Q1084),ur,0,,,,,,0,,Abxxra,2026-09-29T12:34:38Z,0,,yes,sense+gloss; grammatical gender (P5185); Hindi (hi) lemma; Urdu Lughat ID (P11350); inflected forms; usage example (P5831),"B: candidate, needs human review",Q1519476 'stink'.
L1732370,تھانہ,Hindustani (Q11051),noun (Q1084),ur,0,,تھانے,none,,,0,,Abxxra,2026-09-29T12:34:59Z,0,تهانه thāna p.346 s.m.,yes,sense+gloss; grammatical gender (P5185); Hindi (hi) lemma; Urdu Lughat ID (P11350); grammatical features on existing forms; inflected forms; usage example (P5831),A: strong enrichment candidate,Q861951 'police station'.
L1732371,تیز,Hindustani (Q11051),adjective (Q34698),ur,0,,,,,,0,,Abxxra,2026-09-29T12:35:19Z,0,تيز tez p.351 adj. ; تيزك tezak p.351 s.m.,yes,sense+gloss; Hindi (hi) lemma; Urdu Lughat ID (P11350); usage example (P5831),not selected,peripheral to the emergency domain or highly polysemous/homographic; keep as-is until a sense can be sourced
L1732372,جلن,Hindustani (Q11051),noun (Q1084),ur,0,,,,,,0,,Abxxra,2026-09-29T12:35:40Z,0,جلن jalan p.387 s.m. ; جلنا jalnā p.387 v.n.,no,sense+gloss; grammatical gender (P5185); Hindi (hi) lemma; Urdu Lughat ID (P11350); inflected forms; usage example (P5831),"B: candidate, needs human review",Q3645517 'burning sensation' fits only the medical sense.
L1732373,درخت,Hindustani (Q11051),noun (Q1084),ur,0,,,,,,0,,Abxxra,2026-09-29T12:36:01Z,0,"درخت daraḵẖt, diraḵẖt, darkhat p.511 s.m.",yes,sense+gloss; grammatical gender (P5185); Hindi (hi) lemma; Urdu Lughat ID (P11350); inflected forms; usage example (P5831),not selected,peripheral to the emergency domain or highly polysemous/homographic; keep as-is until a sense can be sourced
L1732374,دورہ,Hindustani (Q11051),noun (Q1084),ur,0,,,,,,0,,Abxxra,2026-09-29T12:36:22Z,0,"دوره daura p.533 s.m. ; دورها daurahā, daurhā p.533 s.m.",no,sense+gloss; grammatical gender (P5185); Hindi (hi) lemma; Urdu Lughat ID (P11350); inflected forms; usage example (P5831),"B: candidate, needs human review",The medical 'seizure/fit' sense is not in the PL snippet; do not link Q6279182 until a source attests it.
L1732375,دکھانا,Hindustani (Q11051),verb (Q24905),ur,0,,,,,,0,,Abxxra,2026-09-29T12:36:43Z,0,دکهانا dikhānā p.521 v.t. ; دکهانا dukhānā p.521 v.t.,yes,sense+gloss; transitivity (P9295); Hindi (hi) lemma; Urdu Lughat ID (P11350); usage example (P5831),not selected,peripheral to the emergency domain or highly polysemous/homographic; keep as-is until a sense can be sourced
L1732376,شوہر,Hindustani (Q11051),noun (Q1084),ur,0,,,,,,0,,Abxxra,2026-09-29T12:37:04Z,0,"شوهر shauhar, shohar p.737 s.m. ; شوهري shauharī p.737 adj.",yes,sense+gloss; grammatical gender (P5185); Hindi (hi) lemma; Urdu Lughat ID (P11350); inflected forms; usage example (P5831),not selected,peripheral to the emergency domain or highly polysemous/homographic; keep as-is until a sense can be sourced
L1732377,شیشہ,Hindustani (Q11051),noun (Q1084),ur,0,,,,,,0,,Abxxra,2026-09-29T12:37:24Z,0,شيشه shīsha p.740 s.m.,yes,sense+gloss; grammatical gender (P5185); Hindi (hi) lemma; Urdu Lughat ID (P11350); inflected forms; usage example (P5831),not selected,peripheral to the emergency domain or highly polysemous/homographic; keep as-is until a sense can be sourced
L1732378,عام,Hindustani (Q11051),adjective (Q34698),ur,0,,,,,,0,,Abxxra,2026-09-29T12:37:45Z,0,"عام ʻāmm, ʻām p.758 adj. ; عامره ʻāmira p.758 adj.",yes,sense+gloss; Hindi (hi) lemma; Urdu Lughat ID (P11350); usage example (P5831),not selected,peripheral to the emergency domain or highly polysemous/homographic; keep as-is until a sense can be sourced
L1732379,موبائل,Hindustani (Q11051),noun (Q1084),ur,0,,,,,,0,,Abxxra,2026-09-29T12:38:06Z,0,,yes,sense+gloss; grammatical gender (P5185); Hindi (hi) lemma; Urdu Lughat ID (P11350); inflected forms; usage example (P5831),not selected,no dictionary entry reached; keep as-is
L1732380,مکینک,Hindustani (Q11051),noun (Q1084),ur,0,,,,,,0,,Abxxra,2026-09-29T12:38:27Z,0,,no,sense+gloss; grammatical gender (P5185); Hindi (hi) lemma; Urdu Lughat ID (P11350); inflected forms; usage example (P5831),not selected,no dictionary entry reached; keep as-is
L1732381,نہر,Hindustani (Q11051),noun (Q1084),ur,0,,,,,,0,,Abxxra,2026-09-29T12:38:48Z,0,"نہر nahr, nahar p.1162 s.f. ; نہرانا nihurānā p.1162 v.t.",no,sense+gloss; grammatical gender (P5185); Hindi (hi) lemma; Urdu Lughat ID (P11350); inflected forms; usage example (P5831),A: strong enrichment candidate,Q12284 'canal'; PL says 'canal' is the commonest meaning.
L1732382,پڑوسی,Hindustani (Q11051),noun (Q1084),ur,0,,,,,,0,,Abxxra,2026-09-29T12:39:10Z,0,"پڙوسي paṛosī, paṛausī p.261 s.m.",yes,sense+gloss; grammatical gender (P5185); Hindi (hi) lemma; Urdu Lughat ID (P11350); inflected forms; usage example (P5831),A: strong enrichment candidate,Q1986893 'neighbor'.
L1732383,پھسلنا,Hindustani (Q11051),verb (Q24905),ur,0,,پھسل,none,,,0,,Abxxra,2026-09-29T12:39:30Z,0,پهسلنا phisalnā p.287 v.n. ; پهسلنا phisalnā p.287 adj.,no,sense+gloss; transitivity (P9295); Hindi (hi) lemma; Urdu Lughat ID (P11350); grammatical features on existing forms; usage example (P5831),A: strong enrichment candidate,
L1732384,پھٹنا,Hindustani (Q11051),verb (Q24905),ur,0,,پھٹ,none,,,0,,Abxxra,2026-09-29T12:39:51Z,0,,no,sense+gloss; transitivity (P9295); Hindi (hi) lemma; Urdu Lughat ID (P11350); grammatical features on existing forms; usage example (P5831),"B: candidate, needs human review",
L1732385,کار,Hindustani (Q11051),noun (Q1084),ur,0,,,,,,0,,Abxxra,2026-09-29T12:40:12Z,0,کار kār p.800 s.m. ; کارا kārā p.800 adj.,yes,sense+gloss; grammatical gender (P5185); Hindi (hi) lemma; Urdu Lughat ID (P11350); inflected forms; usage example (P5831),not selected,peripheral to the emergency domain or highly polysemous/homographic; keep as-is until a sense can be sourced
L1732386,کروانا,Hindustani (Q11051),verb (Q24905),ur,0,,کروانے,none,,,0,,Abxxra,2026-09-29T12:40:33Z,0,کروانا karwānā p.829 v.t.,yes,sense+gloss; transitivity (P9295); Hindi (hi) lemma; Urdu Lughat ID (P11350); grammatical features on existing forms; usage example (P5831),not selected,peripheral to the emergency domain or highly polysemous/homographic; keep as-is until a sense can be sourced
L1732387,کزن,Hindustani (Q11051),noun (Q1084),ur,0,,,,,,0,,Abxxra,2026-09-29T12:40:54Z,0,,no,sense+gloss; grammatical gender (P5185); Hindi (hi) lemma; Urdu Lughat ID (P11350); inflected forms; usage example (P5831),not selected,no dictionary entry reached; keep as-is
